INSERT INTO Customer (username, password, first_name, middle_name, last_name, custom_message) VALUES ('johnSmith123', 'Wt52Pwjo', 'John', 'Fisher', 'Smith', 'Hello!');
INSERT INTO Customer (username, password, first_name, last_name, custom_message) VALUES ('clintonpresident', 'Qwerty12', 'James', 'Clinton', 'Welcome Back!');
INSERT INTO Customer (username, password, first_name, last_name) VALUES ('niceguys65', 'Xtxt434312', 'Elizabeth', 'Crown');

INSERT INTO LoginHistory (username, date_time) VALUES ('clintonpresident', '2020-10-06 22:05:23');
INSERT INTO LoginHistory (username, date_time) VALUES ('niceguys65', '2020-10-19 16:17:15');
INSERT INTO LoginHistory (username, date_time) VALUES ('clintonpresident', '2021-01-11 12:40:58');
INSERT INTO LoginHistory (username, date_time) VALUES ('johnSmith123', '2021-02-08 16:07:01');
INSERT INTO LoginHistory (username, date_time) VALUES ('clintonpresident', '2021-02-20 19:17:47');
INSERT INTO LoginHistory (username, date_time) VALUES ('niceguys65', '2021-02-23 13:31:14');
INSERT INTO LoginHistory (username, date_time) VALUES ('niceguys65', '2021-03-16 15:43:20');
INSERT INTO LoginHistory (username, date_time) VALUES ('niceguys65', '2021-03-18 22:52:07');
INSERT INTO LoginHistory (username, date_time) VALUES ('johnSmith123', '2021-04-03 15:12:53');
INSERT INTO LoginHistory (username, date_time) VALUES ('niceguys65', '2021-04-08 07:13:56');
INSERT INTO LoginHistory (username, date_time) VALUES ('clintonpresident', '2021-05-29 01:53:29');
INSERT INTO LoginHistory (username, date_time) VALUES ('niceguys65', '2021-06-23 11:25:03');
INSERT INTO LoginHistory (username, date_time) VALUES ('clintonpresident', '2021-06-30 10:46:51');
INSERT INTO LoginHistory (username, date_time) VALUES ('clintonpresident', '2021-07-13 13:32:47');
INSERT INTO LoginHistory (username, date_time) VALUES ('clintonpresident', '2021-07-29 09:56:01');
INSERT INTO LoginHistory (username, date_time) VALUES ('johnSmith123', '2021-08-24 07:23:53');
INSERT INTO LoginHistory (username, date_time) VALUES ('johnSmith123', '2021-09-06 03:47:46');
INSERT INTO LoginHistory (username, date_time) VALUES ('johnSmith123', '2021-09-06 04:43:21');

INSERT INTO Branch (branch_id, branch_name, branch_location, contact_number) VALUES ('001', 'HKU', 'The University of Hong Kong, Pokfulam, Hong Kong', '45672345');
INSERT INTO Branch (branch_id, branch_name, branch_location, contact_number) VALUES ('102', 'Central Plaza', '1/F Central Plaza, Wan Chai, Hong Kong', '98347893');

INSERT INTO Account (account_number, username, branch_id, balance, open_date) VALUES ('0011214960688455', 'johnSmith123', '001', '878076.57', '2012-04-13');
INSERT INTO Account (account_number, username, branch_id, balance, open_date) VALUES ('0000525500054741', 'johnSmith123', '102', '60793.81', '2019-08-20');
INSERT INTO Account (account_number, username, branch_id, balance, open_date) VALUES ('0039883071962441', 'johnSmith123', '102', '536968.32', '2019-12-03');
INSERT INTO Account (account_number, username, branch_id, balance, open_date) VALUES ('0000279806605478', 'clintonpresident', '102', '546459.63', '2013-12-16');
INSERT INTO Account (account_number, username, branch_id, balance, open_date) VALUES ('0027795152858584', 'clintonpresident', '102', '162083.94', '2017-06-08');
INSERT INTO Account (account_number, username, branch_id, balance, open_date) VALUES ('0041304867667510', 'clintonpresident', '001', '7160.85', '2021-06-02');
INSERT INTO Account (account_number, username, branch_id, balance, open_date) VALUES ('0021985570304151', 'niceguys65', '001', '50541.73', '2017-10-10');
INSERT INTO Account (account_number, username, branch_id, balance, open_date) VALUES ('0007272659993387', 'niceguys65', '102', '597095.61', '2013-07-11');
INSERT INTO Account (account_number, username, branch_id, balance, open_date) VALUES ('0014178780333224', 'niceguys65', '001', '17995.22', '2012-08-12');
INSERT INTO Account (account_number, username, branch_id, balance, open_date) VALUES ('1483511582482347', 'johnSmith123', '001', '-4187.07', '2019-09-04');
INSERT INTO Account (account_number, username, branch_id, balance, open_date) VALUES ('1168333568214610', 'clintonpresident', '102', '-27410.66', '2021-07-19');
INSERT INTO Account (account_number, username, branch_id, balance, open_date) VALUES ('1243730675407388', 'niceguys65', '001', '231.70', '2021-02-22');


INSERT INTO BankAccount (account_number, account_type) VALUES ('0011214960688455', 'Saving');
INSERT INTO BankAccount (account_number, account_type) VALUES ('0000525500054741', 'Current');
INSERT INTO BankAccount (account_number, account_type) VALUES ('0039883071962441', 'CNY');
INSERT INTO BankAccount (account_number, account_type) VALUES ('0000279806605478', 'Current');
INSERT INTO BankAccount (account_number, account_type) VALUES ('0027795152858584', 'USD');
INSERT INTO BankAccount (account_number, account_type) VALUES ('0041304867667510', 'EUR');
INSERT INTO BankAccount (account_number, account_type) VALUES ('0021985570304151', 'USD');
INSERT INTO BankAccount (account_number, account_type) VALUES ('0007272659993387', 'Current');
INSERT INTO BankAccount (account_number, account_type) VALUES ('0014178780333224', 'Saving');

INSERT INTO CreditCard (account_number, card_name, credit_limit, expiry_month, expiry_year) VALUES ('1483511582482347', 'Premium Mile', '10000.00', '09', '24');
INSERT INTO CreditCard (account_number, card_name, credit_limit, expiry_month, expiry_year) VALUES ('1168333568214610', 'Gold Card', '50000.00', '07', '26');
INSERT INTO CreditCard (account_number, card_name, credit_limit, expiry_month, expiry_year) VALUES ('1243730675407388', 'Platinum Visa', '100000.00', '02', '26');

INSERT INTO Transaction (transaction_id, amount, currency, date_time, from_account, to_account) VALUES ('gcXn8FJ23GKO1nb', '13867.00', 'HKD','2014-01-07 19:08:54', '0011214960688455', '0000525500054741');
INSERT INTO Transaction (transaction_id, amount, currency, date_time, from_account, to_account) VALUES ('XtV1ZpyEGebWE1i', '23459.00', 'HKD','2017-09-14 19:27:43', '0011214960688455', '0000279806605478');
INSERT INTO Transaction (transaction_id, amount, currency, date_time, from_account, to_account) VALUES ('7d4FWylwEvEJ6iJ', '19817.82', 'HKD','2020-03-05 12:35:28', '0011214960688455', '1483511582482347');
INSERT INTO Transaction (transaction_id, amount, currency, date_time, from_account, to_account) VALUES ('BUGDxAJuhkXgvFl', '12955.00', 'HKD','2021-03-26 20:15:06', '0011214960688455', '0014178780333224');
INSERT INTO Transaction (transaction_id, amount, currency, date_time, from_account, to_account) VALUES ('uOsgFvJYJ9Y8BfA', '10368.11', 'HKD','2021-09-08 01:37:43', '0011214960688455', '0007272659993387');
INSERT INTO Transaction (transaction_id, amount, currency, date_time, from_account, to_account) VALUES ('IHum9lHYLT0GR5L', '4607.00', 'HKD','2019-09-09 23:56:05', '0000525500054741', '0011214960688455');
INSERT INTO Transaction (transaction_id, amount, currency, date_time, from_account, to_account) VALUES ('jceZbYEXNpFYPHV', '2289.00', 'HKD','2019-11-12 01:56:52', '0000525500054741', '1243730675407388');
INSERT INTO Transaction (transaction_id, amount, currency, date_time, from_account, to_account) VALUES ('LNGDKSIqVJfMFyn', '26983.00', 'HKD','2019-11-12 16:05:05', '0000525500054741', '0000279806605478');
INSERT INTO Transaction (transaction_id, amount, currency, date_time, from_account, to_account) VALUES ('7j4PqbVV7mrBip1', '2369.00', 'HKD','2020-01-19 12:31:39', '0000525500054741', '1168333568214610');
INSERT INTO Transaction (transaction_id, amount, currency, date_time, from_account, to_account) VALUES ('uLJhF2NN4mvmvQW', '4298.73', 'HKD','2021-01-18 03:01:37', '0000525500054741', '1168333568214610');
INSERT INTO Transaction (transaction_id, amount, currency, date_time, from_account, to_account) VALUES ('CV13BK4KByiZ1Hq', '23636.15', 'HKD','2015-01-20 16:44:05', '0000279806605478', '0014178780333224');
INSERT INTO Transaction (transaction_id, amount, currency, date_time, from_account, to_account) VALUES ('ogq44kibjRqtR4X', '2393.00', 'HKD','2015-08-15 15:20:04', '0000279806605478', '0014178780333224');
INSERT INTO Transaction (transaction_id, amount, currency, date_time, from_account, to_account) VALUES ('ctUXCs2Sn96v5J7', '23957.26', 'HKD','2018-02-10 09:12:41', '0000279806605478', '0011214960688455');
INSERT INTO Transaction (transaction_id, amount, currency, date_time, from_account, to_account) VALUES ('pZf3qRwg5Gxvi4o', '25971.35', 'HKD','2018-09-27 03:51:44', '0000279806605478', '1483511582482347');
INSERT INTO Transaction (transaction_id, amount, currency, date_time, from_account, to_account) VALUES ('QVC7KEtvj6JPYOE', '28782.00', 'HKD','2018-09-27 20:26:34', '0000279806605478', '0007272659993387');
INSERT INTO Transaction (transaction_id, amount, currency, date_time, from_account, to_account) VALUES ('djgB9to8ZYhropv', '2582.00', 'USD','2019-04-03 11:24:27', '0027795152858584', '0021985570304151');
INSERT INTO Transaction (transaction_id, amount, currency, date_time, from_account, to_account) VALUES ('7XA9CPdcrxcl0jq', '21020.00', 'USD','2019-04-10 13:05:26', '0027795152858584', '0021985570304151');
INSERT INTO Transaction (transaction_id, amount, currency, date_time, from_account, to_account) VALUES ('79zoLaKLfigdC1A', '10674.00', 'USD','2019-09-12 07:34:51', '0027795152858584', '0021985570304151');
INSERT INTO Transaction (transaction_id, amount, currency, date_time, from_account, to_account) VALUES ('kfS1NZcANHJjZcz', '26078.00', 'USD','2020-11-20 02:31:01', '0027795152858584', '0021985570304151');
INSERT INTO Transaction (transaction_id, amount, currency, date_time, from_account, to_account) VALUES ('b3qtWMGTmZUGbCH', '21901.65', 'USD','2021-03-05 22:30:28', '0027795152858584', '0021985570304151');
INSERT INTO Transaction (transaction_id, amount, currency, date_time, from_account, to_account) VALUES ('kptfYKxBfzZbD23', '4941.09', 'USD','2018-01-08 04:46:43', '0021985570304151', '0027795152858584');
INSERT INTO Transaction (transaction_id, amount, currency, date_time, from_account, to_account) VALUES ('affSCP6kgEQhcXo', '28628.92', 'USD','2020-01-22 07:42:23', '0021985570304151', '0027795152858584');
INSERT INTO Transaction (transaction_id, amount, currency, date_time, from_account, to_account) VALUES ('4NmzISRLkVZNYus', '29957.00', 'USD','2020-08-06 08:36:13', '0021985570304151', '0027795152858584');
INSERT INTO Transaction (transaction_id, amount, currency, date_time, from_account, to_account) VALUES ('6wsNa3679zA3FoB', '27462.00', 'USD','2021-04-30 01:58:41', '0021985570304151', '0027795152858584');
INSERT INTO Transaction (transaction_id, amount, currency, date_time, from_account, to_account) VALUES ('558tbLs4bSg7245', '22042.22', 'USD','2021-05-03 10:35:28', '0021985570304151', '0027795152858584');
INSERT INTO Transaction (transaction_id, amount, currency, date_time, from_account, to_account) VALUES ('LVYtMa8E7Yx3QIo', '16954.00', 'HKD','2013-10-15 21:05:59', '0007272659993387', '1243730675407388');
INSERT INTO Transaction (transaction_id, amount, currency, date_time, from_account, to_account) VALUES ('Ynv5Y8WwhxBOZ8p', '26900.00', 'HKD','2014-06-02 11:08:05', '0007272659993387', '0000279806605478');
INSERT INTO Transaction (transaction_id, amount, currency, date_time, from_account, to_account) VALUES ('CfrYxzctZ4mgl2D', '2254.50', 'HKD','2017-02-23 01:01:19', '0007272659993387', '1168333568214610');
INSERT INTO Transaction (transaction_id, amount, currency, date_time, from_account, to_account) VALUES ('Wq1W47kpnF52ZBL', '25262.00', 'HKD','2018-07-11 08:14:00', '0007272659993387', '0011214960688455');
INSERT INTO Transaction (transaction_id, amount, currency, date_time, from_account, to_account) VALUES ('tM0EGEuE0eM46Sd', '29909.03', 'HKD','2021-06-23 10:33:48', '0007272659993387', '1243730675407388');
INSERT INTO Transaction (transaction_id, amount, currency, date_time, from_account, to_account) VALUES ('7nS7N1lgwxmieXY', '7341.00', 'HKD','2015-08-28 08:59:18', '0014178780333224', '1243730675407388');
INSERT INTO Transaction (transaction_id, amount, currency, date_time, from_account, to_account) VALUES ('g0yZG9JL5vrU0mp', '16529.55', 'HKD','2016-11-25 04:09:37', '0014178780333224', '0000525500054741');
INSERT INTO Transaction (transaction_id, amount, currency, date_time, from_account, to_account) VALUES ('n28nJUlVA0VQHJ0', '26756.00', 'HKD','2018-09-08 22:41:38', '0014178780333224', '1168333568214610');
INSERT INTO Transaction (transaction_id, amount, currency, date_time, from_account, to_account) VALUES ('tYlMFFenyLuDsju', '26014.00', 'HKD','2019-07-01 04:20:47', '0014178780333224', '0007272659993387');
INSERT INTO Transaction (transaction_id, amount, currency, date_time, from_account, to_account) VALUES ('u2JzuHC367Oxngz', '18576.85', 'HKD','2020-12-18 23:00:21', '0014178780333224', '1483511582482347');
INSERT INTO Transaction (transaction_id, amount, currency, date_time, from_account, to_account) VALUES ('RXEVMVlPuRM8eVP', '11091.00', 'HKD','2019-11-02 00:09:30', '1483511582482347', '0011214960688455');
INSERT INTO Transaction (transaction_id, amount, currency, date_time, from_account, to_account) VALUES ('CvRxVoLMx08a5gl', '17484.08', 'HKD','2019-12-07 01:30:33', '1483511582482347', '0014178780333224');
INSERT INTO Transaction (transaction_id, amount, currency, date_time, from_account, to_account) VALUES ('9s0pnQF9JJDNE4I', '23693.00', 'HKD','2020-02-25 08:40:08', '1483511582482347', '0000279806605478');
INSERT INTO Transaction (transaction_id, amount, currency, date_time, from_account, to_account) VALUES ('hPlwyVyefn0Hzqk', '9433.45', 'HKD','2021-06-06 20:25:42', '1483511582482347', '1243730675407388');
INSERT INTO Transaction (transaction_id, amount, currency, date_time, from_account, to_account) VALUES ('P7TVtCwOC9H07Io', '4962.00', 'HKD','2021-06-11 00:14:07', '1483511582482347', '0000525500054741');
INSERT INTO Transaction (transaction_id, amount, currency, date_time, from_account, to_account) VALUES ('pyzoCsd9jyFt2Gp', '5487.75', 'HKD','2021-09-08 18:06:07', '1168333568214610', '0014178780333224');
INSERT INTO Transaction (transaction_id, amount, currency, date_time, from_account, to_account) VALUES ('EQDGzI3ClZr3pJ0', '16944.57', 'HKD','2021-09-20 06:19:47', '1168333568214610', '1483511582482347');
INSERT INTO Transaction (transaction_id, amount, currency, date_time, from_account, to_account) VALUES ('LQNM7EbXIZl7qAB', '27505.00', 'HKD','2021-10-04 18:54:35', '1168333568214610', '0007272659993387');
INSERT INTO Transaction (transaction_id, amount, currency, date_time, from_account, to_account) VALUES ('8fPuntUiajTe2r3', '28875.95', 'HKD','2021-10-11 11:32:05', '1168333568214610', '0000525500054741');
INSERT INTO Transaction (transaction_id, amount, currency, date_time, from_account, to_account) VALUES ('h625eaj5HMpjaJ6', '13781.81', 'HKD','2021-10-28 12:41:02', '1168333568214610', '0011214960688455');
INSERT INTO Transaction (transaction_id, amount, currency, date_time, from_account, to_account) VALUES ('6kTGsAGSvyplr79', '5987.00', 'HKD','2021-07-19 23:39:32', '1243730675407388', '1483511582482347');
INSERT INTO Transaction (transaction_id, amount, currency, date_time, from_account, to_account) VALUES ('aiUrwt18hxyoGez', '16760.00', 'HKD','2021-07-24 01:21:12', '1243730675407388', '0000279806605478');
INSERT INTO Transaction (transaction_id, amount, currency, date_time, from_account, to_account) VALUES ('XFlAkE1nvGQ9ofI', '20132.92', 'HKD','2021-08-14 10:48:06', '1243730675407388', '0007272659993387');
INSERT INTO Transaction (transaction_id, amount, currency, date_time, from_account, to_account) VALUES ('mZs4sNNH8uaoe9G', '11764.00', 'HKD','2021-09-04 18:10:33', '1243730675407388', '0000525500054741');
INSERT INTO Transaction (transaction_id, amount, currency, date_time, from_account, to_account) VALUES ('9qwNTgw9NV3IOvA', '1023.06', 'HKD','2021-10-10 16:29:56', '1243730675407388', '1168333568214610');
